Town,County,Pop,Land,Water,Latitude,Longitude,GEO ID,ANSI code
Adams,Jefferson,5143,42.27,0.153,43.844658,-76.054289,3604500210,978655
Addison,Steuben,2595,25.545,0.142,42.132164,-77.234422,3610100287,978656
Afton,Chenango,2851,45.836,0.679,42.226305,-75.526838,3601700353,978657
Alabama,Genesee,1869,42.37,0.406,43.090053,-78.366480,3603700474,978658
Albion,Orleans,8468,25.257,0.093,43.226343,-78.209387,3607301044,978660
Albion,Oswego,2073,47.286,0.532,43.489292,-76.030916,3607501055,978661
Alden,Erie,10865,34.308,0.201,42.907256,-78.520613,3602901099,978662
Alexander,Genesee,2534,35.467,0.096,42.920586,-78.250065,3603701165,978663
Alexandria,Jefferson,4061,72.657,11.9,44.319903,-75.878414,3604501176,978664
Alfred,Allegany,5237,31.476,0.149,42.233273,-77.795084,3600301209,978665
Allegany,Cattaraugus,8004,70.923,0.658,42.091286,-78.531856,3600901297,978666
Allen,Allegany,448,36.377,0.203,42.397400,-78.004345,3600301319,978668
Alma,Allegany,842,36.215,0.301,42.047668,-78.016224,3600301429,978669
Almond,Allegany,1633,45.717,0.067,42.340932,-77.781630,3600301451,978670
Altona,Clinton,2887,100.983,0.357,44.841730,-73.670487,3601901583,978672
Amboy,Oswego,1263,37.049,0.692,43.377133,-75.918438,3607501649,978673
Amenia,Dutchess,4436,43.22,0.396,41.829938,-73.534020,3602701693,978674
Amherst,Erie,122366,53.203,0.391,43.011639,-78.757148,3602902000,978675
Amity,Allegany,2308,34.442,0.123,42.226466,-78.003401,3600302011,978676
Amsterdam,Montgomery,5566,29.701,0.733,42.955568,-74.166076,3605702077,978678
Ancram,Columbia,1573,42.478,0.259,42.035959,-73.580146,3602102099,978679
Andes,Delaware,1301,108.592,3.694,42.128419,-74.787370,3602502132,978680
Andover,Allegany,1830,39.43,0.066,42.150717,-77.811105,3600302154,978681
Angelica,Allegany,1403,36.394,0.038,42.304028,-78.015503,3600302187,978682
Annsville,Oneida,3012,60.167,0.308,43.345241,-75.614699,3606502253,978683
Antwerp,Jefferson,1846,106.042,2.378,44.221394,-75.601758,3604502297,978684
Arcade,Wyoming,4205,47.004,0.106,42.571352,-78.369984,3612102418,978685
Arcadia,Wayne,14244,52.033,0.111,43.098080,-77.082687,3611702440,978686
Argyle,Washington,3782,56.536,1.26,43.232135,-73.478888,3611502561,978687
Arietta,Hamilton,304,317.178,12.229,43.500184,-74.579588,3604102572,978688
Arkwright,Chautauqua,1061,35.67,0.06,42.386656,-79.242479,3601302605,978689
Ashford,Cattaraugus,2132,51.737,0.164,42.440413,-78.646301,3600902759,978690
Ashland,Chemung,1695,14.182,0.355,42.019488,-76.750371,3601502781,978691
Ashland,Greene,784,25.958,0,42.321255,-74.336110,3603902803,978692
Athens,Greene,4089,26.246,2.622,42.276513,-73.859238,3603902913,978693
Attica,Wyoming,7702,35.712,0.315,42.820640,-78.245571,3612103012,978694
Au Sable,Clinton,3146,39.109,4.74,44.503615,-73.533466,3601903221,978699
Augusta,Oneida,2020,27.728,0,42.977116,-75.502294,3606503155,978696
Aurelius,Cayuga,2792,30.245,1.749,42.929159,-76.668447,3601103166,978697
Aurora,Erie,13782,36.393,0.046,42.738748,-78.638578,3602903199,978698
Austerlitz,Columbia,1654,48.722,0.092,42.315112,-73.518416,3602103287,978700
Ava,Oneida,676,37.667,0.038,43.414296,-75.441248,3606503309,978701
Avoca,Steuben,2264,36.249,0.041,42.424318,-77.448755,3610103342,978702
Avon,Livingston,7164,41.203,0.055,42.897400,-77.727378,3605103364,978703
Babylon,Suffolk,213603,52.319,61.861,40.680656,-73.316175,3610304000,978704
Bainbridge,Chenango,3308,34.323,0.433,42.296565,-75.476683,3601704044,978705
Baldwin,Chemung,832,25.716,0.02,42.101825,-76.657096,3601504132,978706
Ballston,Saratoga,9776,29.576,0.462,42.951295,-73.887168,3609104220,978707
Bangor,Franklin,2224,43.118,0,44.837505,-74.430139,3603304319,978708
Barker,Broome,2732,41.403,0.376,42.265005,-75.911308,3600704429,978709
Barre,Orleans,2025,55.04,0.011,43.179026,-78.211392,3607304572,978710
Barrington,Yates,1681,35.753,1.378,42.523012,-77.052976,3612304594,978711
Barton,Tioga,8858,59.275,0.414,42.079846,-76.499364,3610704671,978712
Batavia,Genesee,6809,48.187,0.218,42.996988,-78.227989,3603704726,978714
Bath,Steuben,12379,95.319,0.559,42.322420,-77.316574,3610104770,978715
Bedford,Westchester,17335,37.173,2.247,41.225704,-73.664943,3611905320,978717
Beekman,Dutchess,14621,29.838,0.517,41.602869,-73.698370,3602705452,978718
Beekmantown,Clinton,5545,60.425,9.202,44.788193,-73.502927,3601905485,978719
Belfast,Allegany,1663,36.295,0.249,42.298023,-78.135597,3600305573,978720
Bellmont,Franklin,1434,164.141,3.019,44.760907,-74.131480,3603305716,978721
Bennington,Wyoming,3359,55.049,0.215,42.817297,-78.387564,3612105936,978722
Benson,Hamilton,192,82.617,0.58,43.290245,-74.366257,3604105958,978723
Benton,Yates,2836,41.473,2.964,42.721950,-77.049662,3612306002,978724
Bergen,Genesee,3120,27.559,0.036,43.096201,-77.955484,3603706057,978725
Berkshire,Tioga,1412,30.216,0.01,42.296636,-76.165659,3610706145,978726
Berlin,Rensselaer,1880,59.603,0.319,42.660802,-73.380018,3608306189,978727
Berne,Albany,2794,64.03,0.704,42.603917,-74.130358,3600106211,978728
Bethany,Genesee,1765,36.035,0.035,42.919587,-78.126802,3603706266,978729
Bethel,Sullivan,4255,85.265,4.693,41.689061,-74.853955,3610506310,978730
Bethlehem,Albany,33656,49.03,0.834,42.585940,-73.827782,3600106354,978731
Big Flats,Chemung,7731,44.484,0.581,42.138490,-76.913756,3601506475,978732
Binghamton,Broome,4942,25.251,0.088,42.035053,-75.905551,3600706618,978734
Birdsall,Allegany,221,35.889,0.171,42.397379,-77.889195,3600306717,978735
Black Brook,Clinton,1497,129.974,4.361,44.524426,-73.817513,3601906761,978736
Bleecker,Fulton,533,57.127,2.285,43.173404,-74.381782,3603506882,978737
Blenheim,Schoharie,377,33.933,0.461,42.488372,-74.522581,3609506893,978738
Blooming Grove,Orange,18028,34.736,0.616,41.395660,-74.184287,3607107003,978739
Bolivar,Allegany,2189,35.863,0.01,42.034778,-78.136902,3600307201,978740
Bolton,Warren,2326,63.27,26.771,43.579414,-73.657631,3611307234,978741
Bombay,Franklin,1357,35.743,0.125,44.914578,-74.586536,3603307278,978742
Boonville,Oneida,4555,71.878,0.698,43.459155,-75.285070,3606507366,978743
Boston,Erie,8023,35.82,0,42.652830,-78.755463,3602907454,978744
Bovina,Delaware,633,44.263,0.232,42.273814,-74.756993,3602507597,978745
Boylston,Oswego,549,39.152,0.021,43.657921,-75.953469,3607507674,978746
Bradford,Steuben,855,25.122,0.114,42.330742,-77.133893,3610107740,978747
Brandon,Franklin,577,41.255,0.067,44.735417,-74.414747,3603307839,978748
Brant,Erie,2065,24.314,0.424,42.594817,-79.024700,3602907894,978749
Brasher,St. Lawrence,2512,91.103,0.967,44.888187,-74.723707,3608907938,978750
Bridgewater,Oneida,1522,23.845,0.012,42.904171,-75.265132,3606508180,978751
Brighton,Franklin,1435,77.896,5.1,44.469848,-74.247779,3603308213,978752
Brighton,Monroe,36609,15.416,0.168,43.118015,-77.582070,3605508246,978753
Bristol,Ontario,2315,36.694,0.015,42.808110,-77.425596,3606908378,978754
Broadalbin,Fulton,5260,31.722,8.059,43.076333,-74.152367,3603508433,978755
Brookfield,Madison,2545,77.822,0.196,42.807991,-75.343295,3605308587,978757
Brookhaven,Suffolk,486040,259.439,272.097,40.857448,-72.959840,3610310000,978758
Broome,Schoharie,973,47.741,0.25,42.504012,-74.293643,3609510154,978760
Brownville,Jefferson,6263,59.132,7.32,44.026880,-76.083381,3604510242,978761
Brunswick,Rensselaer,11941,44.347,0.28,42.749998,-73.582839,3608310275,978762
Brutus,Cayuga,4464,22.106,0.394,43.045665,-76.545611,3601110297,978763
Burke,Franklin,1465,44.405,0,44.926169,-74.182069,3603311165,978765
Burlington,Otsego,1140,44.891,0.122,42.717320,-75.144624,3607711209,978766
Burns,Allegany,1180,27.22,0.036,42.435979,-77.781834,3600311253,978767
Busti,Chautauqua,7351,47.825,0.014,42.051324,-79.326276,3601311451,978768
Butler,Wayne,2064,37.09,0.079,43.177119,-76.765002,3611711473,978769
Butternuts,Otsego,1786,53.829,0.04,42.469617,-75.320901,3607711528,978770
Byron,Genesee,2369,32.212,0.079,43.084761,-78.066965,3603711572,978771
Cairo,Greene,6670,59.828,0.254,42.298811,-74.015664,3603911649,978772
Caledonia,Livingston,4255,43.875,0.251,42.952791,-77.820303,3605111715,978773
Callicoon,Sullivan,3057,48.591,0.355,41.835839,-74.924132,3610511759,978774
Cambria,Niagara,5839,39.71,0,43.176589,-78.820251,3606311803,978775
Cambridge,Washington,2021,36.357,0.127,43.007825,-73.446055,3611511836,978776
Camden,Oneida,4934,54.013,0.141,43.345094,-75.774347,3606511858,978777
Cameron,Steuben,945,46.704,0.058,42.226656,-77.421703,3610111880,978778
Camillus,Onondaga,24167,34.424,0.017,43.066596,-76.313465,3606711913,978779
Campbell,Steuben,3406,40.685,0.094,42.230042,-77.166427,3610111946,978780
Canaan,Columbia,1710,36.676,0.28,42.407900,-73.461763,3602112056,978781
Canadice,Ontario,1664,29.851,2.585,42.718531,-77.558586,3606912100,978782
Canajoharie,Montgomery,3730,42.632,0.501,42.865366,-74.614882,3605712122,978783
Canandaigua,Ontario,10020,56.796,5.735,42.861633,-77.314188,3606912155,978785
Candor,Tioga,5305,94.51,0.11,42.230947,-76.332452,3610712221,978786
Caneadea,Allegany,2542,35.649,0.693,42.393776,-78.131108,3600312243,978787
Canisteo,Steuben,3391,54.351,0.009,42.237887,-77.535418,3610112265,978788
Canton,St. Lawrence,10995,104.765,1.098,44.574414,-75.210848,3608912342,978789
Cape Vincent,Jefferson,2777,56.353,33.499,44.114766,-76.290981,3604512364,978790
Carlisle,Schoharie,1948,34.124,0.128,42.740232,-74.436545,3609512452,978791
Carlton,Orleans,2994,43.607,0.801,43.339906,-78.208493,3607312496,978792
Carmel,Putnam,34305,35.907,4.786,41.387098,-73.722738,3607912529,978793
Caroga,Fulton,1205,50.627,3.651,43.124008,-74.525070,3603512573,978794
Caroline,Tompkins,3282,54.763,0.13,42.357575,-76.334979,3610912606,978795
Carroll,Chautauqua,3524,33.32,0.023,42.039848,-79.098719,3601312639,978796
Carrollton,Cattaraugus,1297,42.299,0.041,42.056363,-78.637943,3600912661,978797
Castile,Wyoming,2906,36.98,1.415,42.664387,-78.021835,3612112782,978798
Catharine,Schuyler,1762,32.295,0.605,42.337939,-76.733699,3609712914,978799
Catlin,Chemung,2618,37.989,0.027,42.231245,-76.895550,3601512947,978800
Cato,Cayuga,2537,33.643,2.544,43.120219,-76.536757,3601112969,978801
Caton,Steuben,2179,37.565,0.434,42.035747,-77.023787,3610112991,978802
Catskill,Greene,11775,60.439,3.726,42.208688,-73.938888,3603913013,978803
Cayuta,Schuyler,556,20.319,0,42.271993,-76.684886,3609713112,978805
Cazenovia,Madison,7086,49.87,1.844,42.915928,-75.861962,3605313156,978806
Centerville,Allegany,822,35.435,0.047,42.474965,-78.267693,3600313475,978807
Champion,Jefferson,4494,44.184,0.889,43.973154,-75.706123,3604513717,978808
Champlain,Clinton,5754,51.231,7.585,44.966280,-73.436895,3601913750,978809
Charleston,Montgomery,1373,41.89,0.973,42.824767,-74.355772,3605713816,978810
Charlotte,Chautauqua,1729,36.432,0,42.304888,-79.237368,3601313860,978811
Charlton,Saratoga,4133,32.774,0.188,42.957874,-73.991978,3609113926,978812
Chateaugay,Franklin,2155,49.789,0.012,44.930509,-74.076284,3603313992,978813
Chatham,Columbia,4128,53.227,0.316,42.425582,-73.582076,3602114014,978814
Chautauqua,Chautauqua,4464,67.099,0.094,42.241757,-79.506691,3601314069,978815
Chazy,Clinton,4284,54.153,7.163,44.856518,-73.460741,3601914113,978816
Cheektowaga,Erie,88226,29.423,0.063,42.910021,-78.741821,3602915011,978817
Chemung,Chemung,2563,49.479,0.562,42.055631,-76.605721,3601515077,978818
Chenango,Broome,11252,33.834,0.434,42.215645,-75.902254,3600715110,978819
Cherry Creek,Chautauqua,1118,36.632,0.013,42.302111,-79.122244,3601315198,978820
Cherry Valley,Otsego,1223,40.375,0.007,42.808922,-74.722042,3607715253,978821
Chester,Orange,11981,25.049,0.151,41.330239,-74.276925,3607115308,978822
Chester,Warren,3355,84.19,2.86,43.689036,-73.873783,3611315319,978823
Chesterfield,Essex,2445,79.036,26.336,44.453432,-73.448719,3603115330,978824
Chili,Monroe,28625,39.499,0.369,43.085609,-77.745242,3605515462,978825
Cicero,Onondaga,31632,48.274,0.191,43.172142,-76.056249,3606715704,978826
Cincinnatus,Cortland,1056,25.356,0.129,42.530670,-75.913769,3602315748,978827
Clare,St. Lawrence,105,96.557,0.698,44.356596,-75.013141,3608915792,978828
Clarence,Erie,30673,53.503,0.132,43.024707,-78.645674,3602915825,978829
Clarendon,Orleans,3648,35.219,0,43.174402,-78.056338,3607315880,978830
Clarkson,Monroe,6736,33.183,0.005,43.245062,-77.932451,3605515957,978831
Clarkstown,Rockland,84187,38.475,8.593,41.134184,-73.965733,3608715968,978832
Clarksville,Allegany,1161,36.276,0.02,42.140145,-78.247654,3600315990,978833
Claverack,Columbia,6021,47.559,0.39,42.218852,-73.689931,3602116045,978834
Clay,Onondaga,58206,47.958,0.901,43.178698,-76.192114,3606716067,978835
Clayton,Jefferson,5153,82.36,21.671,44.204326,-76.079717,3604516100,978836
Clermont,Columbia,1965,17.996,1.197,42.085945,-73.854682,3602116177,978837
Clifton,St. Lawrence,751,134.361,15.985,44.201398,-74.885750,3608916287,978838
Clifton Park,Saratoga,36705,48.202,2.004,42.858993,-73.822974,3609116353,978839
Clinton,Clinton,737,67.07,0.03,44.937659,-73.920213,3601916397,978840
Clinton,Dutchess,4312,38.143,0.642,41.864288,-73.819584,3602716408,978841
Clymer,Chautauqua,1698,36.07,0.093,42.049004,-79.582437,3601316595,978842
Cobleskill,Schoharie,6625,30.599,0.179,42.687506,-74.442157,3609516639,978843
Cochecton,Sullivan,1372,36.241,0.79,41.680039,-74.994190,3610516661,978844
Coeymans,Albany,7418,50.129,3.038,42.491282,-73.875102,3600116694,978845
Cohocton,Steuben,2561,56.083,0.007,42.519967,-77.481566,3610116738,978846
Colchester,Delaware,2077,136.778,5.398,42.039868,-74.953334,3602516793,978848
Colden,Erie,3265,35.633,0.089,42.648107,-78.646394,3602916870,978849
Coldspring,Cattaraugus,663,51.464,0.554,42.055681,-78.844478,3600916903,978850
Colesville,Broome,5232,78.347,0.824,42.179510,-75.650430,3600717046,978851
Collins,Erie,6601,47.966,0.174,42.491800,-78.868516,3602917200,978852
Colonie,Albany,81591,55.943,1.9,42.743332,-73.785600,3600117343,978853
Colton,St. Lawrence,1451,241.702,13.252,44.368068,-74.814597,3608917409,978854
Columbia,Herkimer,1580,35.073,0.03,42.929047,-75.046258,3604317431,978855
Columbus,Chenango,975,37.368,0.124,42.691555,-75.369681,3601717486,978856
Concord,Erie,8494,69.934,0.16,42.545428,-78.702888,3602917585,978857
Conesus,Livingston,2473,32.891,2.98,42.703498,-77.641047,3605117618,978858
Conesville,Schoharie,734,39.466,0.404,42.398075,-74.338293,3609517651,978859
Conewango,Cattaraugus,1857,36.114,0.022,42.225426,-79.006508,3600917684,978860
Conklin,Broome,5441,24.385,0.504,42.040720,-75.835038,3600717772,978861
Conquest,Cayuga,1819,35.222,1.096,43.117487,-76.656916,3601117849,978862
Constable,Franklin,1566,32.806,0.012,44.967307,-74.280786,3603317871,978863
Constantia,Oswego,4973,56.765,42.915,43.258840,-75.963734,3607517904,978864
Copake,Columbia,3615,40.762,1.28,42.129680,-73.549044,3602118102,978865
Corinth,Saratoga,6531,56.763,1.372,43.228513,-73.922216,3609118223,978866
Corning,Steuben,6270,36.85,0.503,42.149331,-77.014205,3610118267,978868
Cornwall,Orange,12646,26.653,1.479,41.414179,-74.061304,3607118300,978869
Cortlandt,Westchester,41592,39.255,10.761,41.261089,-73.902332,3611918410,978871
Cortlandville,Cortland,8509,49.72,0.18,42.603488,-76.117640,3602318421,978872
Coventry,Chenango,1655,48.697,0.167,42.291156,-75.629129,3601718619,978873
Covert,Seneca,2154,31.385,6.195,42.584405,-76.696609,3609918663,978874
Covington,Wyoming,1232,26.138,0,42.832671,-78.014813,3612118696,978875
Coxsackie,Greene,8918,36.865,1.548,42.345680,-73.863305,3603918729,978876
Crawford,Orange,9316,40.031,0.084,41.571349,-74.315687,3607118916,978877
Croghan,Lewis,3093,179.182,2.849,43.969084,-75.355598,3604919081,978878
Crown Point,Essex,2024,76.121,5.724,43.963848,-73.583301,3603119246,978879
Cuba,Allegany,3243,35.129,0.763,42.208385,-78.243639,3600319367,978880
Cuyler,Cortland,980,43.477,0.032,42.726333,-75.936250,3602319499,978881
Danby,Tompkins,3329,53.553,0.222,42.332395,-76.472452,3610919620,978882
Dannemora,Clinton,4898,59.08,6.759,44.747379,-73.812971,3601919653,978883
Dansville,Steuben,1842,48.368,0.068,42.464632,-77.661656,3610119675,978884
Danube,Herkimer,1039,29.354,0.259,42.981082,-74.798257,3604319686,978885
Darien,Genesee,3158,47.371,0.219,42.908718,-78.382071,3603719719,978886
Davenport,Delaware,2965,51.563,0.35,42.454193,-74.902857,3602519763,978887
Day,Saratoga,856,64.112,5.42,43.321068,-74.027621,3609119807,978888
Dayton,Cattaraugus,1886,35.527,0.618,42.376833,-78.995439,3600919840,978889
De Kalb,St. Lawrence,2434,82.523,0.684,44.475880,-75.365448,3608920038,978893
De Peyster,St. Lawrence,998,42.927,2.169,44.535363,-75.458682,3608920335,978898
DeRuyter,Madison,1589,30.44,0.833,42.769678,-75.847084,3605320401,978900
DeWitt (De Witt),Onondaga,25838,33.774,0.092,43.053891,-76.071795,3606720478,978901
Decatur,Otsego,353,20.562,0.197,42.657096,-74.705713,3607719895,978890
Deerfield,Oneida,4273,32.941,0.107,43.185088,-75.151134,3606519928,978891
Deerpark,Orange,7901,66.502,1.452,41.442383,-74.656826,3607119961,978892
Delaware,Sullivan,2670,34.941,0.703,41.754935,-75.000363,3610520104,978894
Delhi,Delaware,5117,64.198,0.401,42.272354,-74.907546,3602520137,978895
Denmark,Lewis,2860,50.602,0.446,43.898222,-75.631239,3604920214,978896
Denning,Ulster,551,105.666,0.099,41.955487,-74.482306,3611120247,978897
Deposit,Delaware,1712,43.015,1.564,42.095846,-75.369813,3602520357,978899
Diana,Lewis,1709,137.094,3.738,44.108159,-75.372574,3604920555,978902
Dickinson,Broome,5278,4.772,0.105,42.130568,-75.918054,3600720588,978903
Dickinson,Franklin,823,44.224,0.089,44.728144,-74.539700,3603320610,978904
Dix,Schuyler,3864,36.258,0.454,42.334430,-76.899210,3609720676,978905
Dover,Dutchess,8699,55.19,1.149,41.679141,-73.568762,3602720819,978906
Dresden,Washington,652,52.254,2.745,43.590870,-73.468547,3611520885,978907
Dryden,Tompkins,14435,93.64,0.69,42.478745,-76.362347,3610920962,978908
Duane,Franklin,174,74.952,3.032,44.600715,-74.232730,3603320973,978909
Duanesburg,Schenectady,6122,70.782,1.25,42.777998,-74.172702,3609321006,978910
Dunkirk,Chautauqua,1318,6.228,0.054,42.469490,-79.320099,3601321116,978912
Durham,Greene,2725,49.314,0.041,42.373601,-74.153148,3603921204,978913
Eagle,Wyoming,1192,36.283,0.187,42.564549,-78.254056,3612121369,978914
East Bloomfield,Ontario,3634,33.195,0.139,42.899446,-77.422374,3606921699,978915
East Fishkill,Dutchess,29029,56.503,0.883,41.561643,-73.787605,3602721996,978917
East Greenbush,Rensselaer,16473,24.02,0.274,42.605098,-73.700320,3608322117,978918
East Hampton,Suffolk,21457,74.328,312.224,41.092293,-72.105673,3610322194,978919
East Otto,Cattaraugus,1062,40.07,0.326,42.408377,-78.743584,3600922678,978921
East Rochester,Monroe,6587,1.325,0.004,43.112210,-77.487176,3605522870,978922
Eastchester,Westchester,32363,4.853,0.088,40.953067,-73.813316,3611921820,978916
Easton,Washington,2336,62.304,0.934,43.029661,-73.535868,3611522656,978920
Eaton,Madison,5255,44.622,0.949,42.890200,-75.630077,3605323305,978923
Eden,Erie,7688,39.79,0.069,42.655012,-78.880010,3602923415,978924
Edinburg,Saratoga,1214,60.169,6.925,43.223115,-74.069902,3609123591,978925
Edmeston,Otsego,1826,44.297,0.084,42.722913,-75.260270,3607723613,978926
Edwards,St. Lawrence,1156,50.471,0.831,44.286726,-75.280789,3608923646,978927
Elba,Genesee,2370,35.649,0.043,43.093340,-78.171240,3603723756,978928
Elbridge,Onondaga,5922,37.539,0.756,43.052639,-76.437331,3606723800,978929
Elizabethtown,Essex,1163,81.633,1.477,44.191221,-73.650223,3603123833,978930
Ellenburg,Clinton,1743,106.567,0.89,44.811802,-73.864913,3601923921,978931
Ellery,Chautauqua,4528,47.454,0.117,42.189926,-79.353553,3601323976,978932
Ellicott,Chautauqua,8714,30.449,0.024,42.133033,-79.231506,3601323998,978933
Ellicottville,Cattaraugus,1598,45.095,0.093,42.307754,-78.643656,3600924031,978934
Ellington,Chautauqua,1643,36.545,0.014,42.220261,-79.120588,3601324053,978935
Ellisburg,Jefferson,3474,85.146,1.419,43.747325,-76.113151,3604524086,978936
Elma,Erie,11317,34.517,0.011,42.828313,-78.647604,3602924130,978937
Elmira,Chemung,6934,22.212,0.329,42.090471,-76.775621,3601524240,978939
Enfield,Tompkins,3512,36.732,0.104,42.441736,-76.620542,3610924548,978940
Ephratah,Fulton,1682,39.17,0.277,43.037432,-74.561468,3603524603,978941
Erin,Chemung,1962,44.247,0.221,42.184078,-76.671706,3601524636,978942
Erwin,Steuben,8037,38.656,0.501,42.134822,-77.152700,3610124647,978943
Esopus,Ulster,9041,37.312,4.628,41.833329,-73.985378,3611124691,978944
Esperance,Schoharie,2076,19.666,0.371,42.751864,-74.316177,3609524724,978945
Essex,Essex,671,31.631,5.969,44.280005,-73.397080,3603124768,978946
Evans,Erie,16356,41.53,0.032,42.654716,-79.004985,3602924801,978947
Exeter,Otsego,987,32.078,0.615,42.798940,-75.077522,3607724845,978948
Fabius,Onondaga,1964,46.497,0.275,42.819749,-75.985163,3606724878,978949
Fairfield,Herkimer,1627,41.296,0.162,43.131120,-74.937983,3604324933,978950
Fallsburg,Sullivan,12870,77.622,1.488,41.736992,-74.603756,3610525241,978951
Farmersville,Cattaraugus,1090,47.833,0.138,42.384220,-78.405914,3600925340,978952
Farmington,Ontario,11825,39.43,0,42.989455,-77.308679,3606925406,978953
Fayette,Seneca,3929,54.819,11.583,42.842874,-76.858550,3609925505,978954
Fenner,Madison,1726,31.074,0.048,42.974926,-75.773344,3605325593,978955
Fenton,Broome,6674,32.773,0.592,42.201492,-75.803310,3600725604,978956
Fine,St. Lawrence,1512,166.799,2.618,44.154272,-75.085765,3608925791,978957
Fishkill,Dutchess,22107,27.336,4.655,41.515512,-73.923762,3602725978,978958
Fleming,Cayuga,2636,21.819,2.48,42.874450,-76.577616,3601126231,978959
Florence,Oneida,1025,54.922,0.094,43.418917,-75.739740,3606526297,978960
Florida,Montgomery,2696,50.132,1.274,42.894991,-74.201025,3605726308,978961
Floyd,Oneida,3819,34.616,0.175,43.239952,-75.324083,3606526385,978962
Forestburgh,Sullivan,819,54.781,1.532,41.561802,-74.709618,3610526528,978963
Forestport,Oneida,1535,76.915,1.985,43.496073,-75.147819,3606526627,978964
Fort Ann,Washington,6190,108.999,1.78,43.460929,-73.529859,3611526715,978965
Fort Covington,Franklin,1676,36.734,0,44.950102,-74.489629,3603326737,978966
Fort Edward,Washington,6371,26.63,0.796,43.230604,-73.559186,3611526781,978967
Fowler,St. Lawrence,2202,59.325,1.368,44.275595,-75.403237,3608927100,978968
Frankfort,Herkimer,7636,36.421,0.106,43.040732,-75.136940,3604327199,978969
Franklin,Delaware,2411,81.249,0.278,42.330395,-75.110553,3602527232,978970
Franklin,Franklin,1140,169.827,5.395,44.520107,-74.069770,3603327243,978971
Franklinville,Cattaraugus,2990,51.812,0.173,42.304423,-78.497988,3600927342,978972
Freedom,Cattaraugus,2405,40.987,0.329,42.471187,-78.377562,3600927441,978973
Freetown,Cortland,757,25.486,0.142,42.520267,-76.023217,3602327496,978974
Fremont,Steuben,1008,32.036,0.154,42.394696,-77.610140,3610127551,978975
Fremont,Sullivan,1381,50.186,1.046,41.873711,-75.033526,3610527573,978976
French Creek,Chautauqua,906,36.259,0.02,42.041719,-79.711489,3601327606,978977
Friendship,Allegany,2004,36.215,0.013,42.214944,-78.130551,3600327705,978978
Fulton,Schoharie,1442,64.978,0.027,42.589134,-74.451470,3609527826,978980
Gaines,Orleans,3378,34.419,0.04,43.275759,-78.198050,3607327958,978981
Gainesville,Wyoming,2182,35.57,0.138,42.650692,-78.125147,3612127980,978982
Galen,Wayne,4290,59.477,0.581,43.065096,-76.880324,3611728013,978983
Gallatin,Columbia,1668,39.111,0.521,42.060607,-73.713148,3602128068,978984
Galway,Saratoga,3545,43.824,1.18,43.032192,-74.032079,3609128112,978985
Gardiner,Ulster,5713,43.435,0.51,41.691551,-74.188198,3611128255,978986
Gates,Monroe,28400,15.2,0.082,43.150766,-77.713533,3605528442,978987
Geddes,Onondaga,17118,9.156,3.104,43.076667,-76.224544,3606728519,978988
Genesee,Allegany,1693,36.239,0.048,42.045172,-78.248301,3600328563,978989
Genesee Falls,Wyoming,438,15.615,0.086,42.572554,-78.063441,3612128596,978990
Geneseo,Livingston,10483,43.944,1.198,42.806633,-77.779568,3605128629,978991
Geneva,Ontario,3291,19.091,0.007,42.833325,-77.005486,3606928651,978993
Genoa,Cayuga,1935,39.598,3.565,42.654397,-76.572265,3601128673,978994
Georgetown,Madison,974,40.078,0.099,42.786643,-75.743698,3605328695,978995
German,Chenango,370,28.408,0.031,42.503771,-75.824223,3601728739,978996
German Flatts,Herkimer,13258,33.695,0.499,42.987513,-74.983679,3604328750,978997
Germantown,Columbia,1954,12.103,1.819,42.136779,-73.870489,3602128772,978998
Gerry,Chautauqua,1905,36.125,0.018,42.218376,-79.240020,3601328838,978999
Ghent,Columbia,5402,45.132,0.268,42.314987,-73.649029,3602128871,979000
Gilboa,Schoharie,1307,57.8,1.576,42.431126,-74.454342,3609528981,979001
Glen,Montgomery,2507,38.62,0.706,42.900899,-74.351214,3605729047,979002
Glenville,Schenectady,29480,49.186,1.49,42.888252,-73.988700,3609329366,979005
Gorham,Ontario,4247,48.854,4.315,42.797135,-77.197164,3606929531,979007
Goshen,Orange,13687,43.642,0.29,41.381005,-74.352471,3607129553,979008
Gouverneur,St. Lawrence,7085,71.217,1.074,44.355092,-75.489810,3608929608,979009
Grafton,Rensselaer,2130,44.721,1.241,42.764501,-73.456397,3608329674,979010
Granby,Oswego,6821,44.713,1.73,43.289808,-76.441694,3607529729,979011
Grand Island,Erie,20374,28.273,5.02,43.017901,-78.962657,3602929828,979012
Granger,Allegany,538,31.938,0.1,42.479746,-78.011050,3600329905,979013
Granville,Washington,6669,55.618,0.5,43.422001,-73.306019,3611530037,979014
Great Valley,Cattaraugus,1974,49.635,0.036,42.200337,-78.637510,3600930257,979015
Greece,Monroe,96095,47.518,3.875,43.250347,-77.700518,3605530290,979016
Green Island,Albany,2620,0.747,0.186,42.747870,-73.692595,3600130532,979020
Greenburgh,Westchester,88400,30.309,5.805,41.029573,-73.842741,3611930367,979017
Greene,Chenango,5604,75.077,0.542,42.308164,-75.753974,3601730422,979018
Greenfield,Saratoga,7775,67.388,0.299,43.137999,-73.872299,3609130444,979019
Greenport,Columbia,4165,18.607,1.88,42.230076,-73.795559,3602130565,979021
Greenville,Greene,3739,38.788,0.296,42.397012,-74.014683,3603930620,979022
Greenville,Orange,4616,30.015,0.484,41.373315,-74.599045,3607130631,979023
Greenwich,Washington,4942,43.663,0.598,43.147517,-73.475886,3611530686,979024
Greenwood,Steuben,801,41.339,0.007,42.147107,-77.662020,3610130741,979025
Greig,Lewis,1199,93.011,1.354,43.697077,-75.194701,3604930796,979026
Groton,Tompkins,5950,49.406,0.133,42.583430,-76.359860,3610930972,979027
Grove,Allegany,548,33.366,0.335,42.479522,-77.893852,3600330994,979028
Groveland,Livingston,3249,39.129,0.725,42.709642,-77.768727,3605131016,979029
Guilderland,Albany,35303,57.902,0.885,42.706657,-73.962280,3600131104,979030
Guilford,Chenango,2922,61.716,0.244,42.402046,-75.450687,3601731148,979031
Hadley,Saratoga,2048,39.705,1.38,43.337476,-73.905955,3609131269,979032
Hague,Warren,699,63.76,15.859,43.690560,-73.549746,3611331335,979033
Halcott,Greene,258,23.041,0,42.220267,-74.476398,3603931379,979034
Halfmoon,Saratoga,21535,32.58,1.05,42.860715,-73.730728,3609131489,979035
Hamburg,Erie,56936,41.321,0.028,42.739160,-78.857134,3602931654,979036
Hamden,Delaware,1323,59.93,0.269,42.201381,-74.981064,3602531698,979037
Hamilton,Madison,6690,41.339,0.116,42.792526,-75.489362,3605331720,979038
Hamlin,Monroe,9045,43.468,1.122,43.322306,-77.919742,3605531797,979039
Hammond,St. Lawrence,1191,62.197,15.709,44.438757,-75.726453,3608931841,979040
Hampton,Washington,938,22.242,0.348,43.551067,-73.290832,3611531885,979041
Hamptonburgh,Orange,5561,26.758,0.211,41.449335,-74.244749,3607131907,979042
Hancock,Delaware,3224,158.822,2.994,41.956369,-75.182164,3602531951,979043
Hannibal,Oswego,4854,44.655,0.171,43.310917,-76.549843,3607532028,979044
Hanover,Chautauqua,7127,49.178,0.284,42.488023,-79.120703,3601332050,979045
Hardenburgh,Ulster,238,80.787,0.235,42.049037,-74.621147,3611132116,979046
Harford,Cortland,943,24.152,0.023,42.437149,-76.206229,3602332160,979047
Harmony,Chautauqua,2206,45.4,0.161,42.049553,-79.458099,3601332248,979048
Harpersfield,Delaware,1577,42.021,0.267,42.448423,-74.703743,3602532281,979049
Harrietstown,Franklin,5709,196.866,16.814,44.218046,-74.206563,3603332314,979050
Harrisburg,Lewis,437,39.882,0.028,43.836648,-75.665737,3604932358,979051
Harrison,Westchester,27472,16.766,0.603,41.026444,-73.723707,3611932413,979052
Hartford,Washington,2269,43.384,0.105,43.355737,-73.413156,3611532457,979053
Hartland,Niagara,4117,52.378,0.037,43.258139,-78.554677,3606332490,979054
Hartsville,Steuben,609,36.143,0.056,42.222372,-77.660191,3610132567,979055
Hartwick,Otsego,2110,40.082,0.342,42.643462,-75.016771,3607732589,979056
Hastings,Oswego,9450,45.645,0.352,43.320387,-76.156606,3607532688,979057
Haverstraw,Rockland,36634,22.155,5.26,41.202899,-74.039051,3608732765,979058
Hebron,Washington,1853,56.108,0.31,43.258464,-73.349096,3611533040,979059
Hector,Schuyler,4940,102.369,10.214,42.463533,-76.783953,3609733073,979060
Hempstead,Nassau,759757,118.587,73,40.633959,-73.609100,3605934000,979061
Henderson,Jefferson,1360,41.18,11.756,43.855211,-76.180197,3604534055,979062
Henrietta,Monroe,42581,35.351,0.296,43.054319,-77.640100,3605534099,979063
Herkimer,Herkimer,10175,31.662,0.566,43.061160,-75.000618,3604334132,979064
Hermon,St. Lawrence,1108,53.15,1.08,44.466944,-75.229167,3608934176,979065
Highland,Sullivan,2530,50.056,1.867,41.567366,-74.886519,3610534473,979066
Highlands,Orange,12492,30.41,3.06,41.369865,-74.005885,3607134550,979067
Hillsdale,Columbia,1927,47.724,0.164,42.229282,-73.521482,3602134748,979068
Hinsdale,Cattaraugus,2168,38.731,0.042,42.166750,-78.372348,3600934946,979069
Holland,Erie,3401,35.79,0.036,42.670462,-78.524234,3602935122,979070
Homer,Cortland,6405,50.195,0.461,42.662050,-76.170167,3602335287,979071
Hoosick,Rensselaer,6924,63.032,0.113,42.876802,-73.351525,3608335463,979072
Hope,Hamilton,403,40.703,0.933,43.323352,-74.234765,3604135496,979073
Hopewell,Ontario,3747,35.676,0.02,42.893493,-77.195885,3606935551,979074
Hopkinton,St. Lawrence,1077,185.34,1.704,44.536665,-74.661131,3608935595,979075
Horicon,Warren,1389,65.767,6.1,43.718094,-73.706078,3611335639,979076
Hornby,Steuben,1706,40.85,0.038,42.239541,-77.026669,3610135661,979077
Hornellsville,Steuben,4151,43.325,0.216,42.334445,-77.677087,3610135683,979079
Horseheads,Chemung,19485,35.606,0.314,42.157711,-76.778875,3601535705,979080
Hounsfield,Jefferson,3466,48.915,71.488,43.908879,-76.307152,3604535782,979081
Howard,Steuben,1467,60.546,0.22,42.338600,-77.514480,3610135837,979082
Hume,Allegany,2071,37.89,0.431,42.482162,-78.121765,3600336112,979084
Humphrey,Cattaraugus,687,37.136,0.017,42.231079,-78.497261,3600936123,979085
Hunter,Greene,2732,90.419,0.322,42.165514,-74.152362,3603936178,979086
Huntington,Suffolk,203264,94.123,42.988,40.884089,-73.376761,3610337000,979087
Hurley,Ulster,6314,29.911,6.056,41.958860,-74.122769,3611137143,979088
Huron,Wayne,2118,39.392,3.71,43.246559,-76.895091,3611737165,979089
Hyde Park,Dutchess,21571,36.663,3.195,41.813313,-73.895463,3602737209,979090
Independence,Allegany,1167,34.484,0.005,42.043602,-77.794465,3600337297,979091
Indian Lake,Hamilton,1352,251.8,14.439,43.806379,-74.417665,3604137374,979092
Inlet,Hamilton,333,62.195,4.176,43.721790,-74.714836,3604137495,979093
Ira,Cayuga,2206,34.795,0.103,43.209261,-76.530923,3601137660,979094
Irondequoit,Monroe,51692,15.001,1.833,43.209811,-77.572056,3605537726,979095
Ischua,Cattaraugus,859,32.377,0.021,42.237873,-78.384533,3600937825,979096
Islip,Suffolk,335543,104.114,58.891,40.712577,-73.195524,3610338000,979097
Italy,Yates,1141,40.14,0.122,42.618889,-77.312149,3612338044,979098
Ithaca,Tompkins,19930,28.946,1.34,42.413898,-76.540186,3610938088,979100
Jackson,Washington,1800,37.16,0.406,43.080457,-73.383276,3611538143,979101
Jasper,Steuben,1424,52.644,0.023,42.144268,-77.531889,3610138319,979103
Java,Wyoming,2057,47.128,0.202,42.651832,-78.386663,3612138341,979104
Jay,Essex,2506,67.688,0.421,44.377625,-73.696474,3603138396,979105
Jefferson,Schoharie,1410,43.251,0.163,42.489666,-74.607360,3609538440,979106
Jerusalem,Yates,4469,58.639,6.762,42.612928,-77.157943,3612338583,979107
Jewett,Greene,953,50.323,0.199,42.237830,-74.231016,3603938638,979108
Johnsburg,Warren,2395,203.976,2.768,43.657786,-74.065037,3611338715,979109
Johnstown,Fulton,7098,70.214,1.082,43.044322,-74.398332,3603538792,979111
Junius,Seneca,1471,26.709,0.145,42.971850,-76.908841,3609938858,979112
Keene,Essex,1105,155.941,0.676,44.122758,-73.883516,3603139067,979113
Kendall,Orleans,2724,32.857,0.061,43.329114,-78.051662,3607339188,979114
Kent,Putnam,13507,40.504,2.822,41.459239,-73.725148,3607939331,979740
Kiantone,Chautauqua,1350,18.397,0.14,42.027070,-79.193096,3601339507,979115
Kinderhook,Columbia,8498,31.806,0.607,42.411289,-73.682656,3602139573,979116
Kingsbury,Washington,12671,39.678,0.327,43.335201,-73.551426,3611539650,979117
Kingston,Ulster,889,7.702,0.048,41.978144,-74.038662,3611139738,979119
Kirkland,Oneida,10315,33.783,0.051,43.036731,-75.384504,3606539804,979120
Kirkwood,Broome,5857,30.795,0.397,42.091575,-75.799360,3600739837,979121
Knox,Albany,2692,41.762,0.174,42.685353,-74.105633,3600140002,979122
Kortright,Delaware,1675,62.451,0.182,42.402723,-74.781344,3602540068,979123
LaFayette,Onondaga,4952,39.233,0.413,42.907651,-76.103328,3606740266,979125
LaGrange (La Grange),Dutchess,15730,39.879,0.47,41.684927,-73.795750,3602740299,979126
Lake George,Warren,3515,30.069,2.549,43.435002,-73.720924,3611340519,979127
Lake Luzerne,Warren,3347,52.519,1.54,43.345954,-73.789719,3611340662,979128
Lake Pleasant,Hamilton,781,187.984,10,43.578905,-74.424033,3604140794,979129
Lancaster,Erie,41604,37.703,0.234,42.910914,-78.632214,3602941146,979130
Lansing,Tompkins,11033,60.49,9.452,42.566527,-76.531984,3610941234,979131
Lapeer,Cortland,767,25.039,0.143,42.455992,-76.112211,3602341300,979132
Laurens,Otsego,2424,42.049,0.119,42.535705,-75.118079,3607741531,979133
Lawrence,St. Lawrence,1826,47.61,0.058,44.745606,-74.676345,3608941564,979134
Le Ray,Jefferson,21782,73.643,0.361,44.078729,-75.795815,3604542015,979141
Le Roy,Genesee,7641,42.084,0.09,42.992655,-77.966199,3603742037,979142
Lebanon,Madison,1332,43.344,0.336,42.780128,-75.626215,3605341674,979135
Ledyard,Cayuga,1886,36.112,12.469,42.745344,-76.674047,3601141740,979136
Lee,Oneida,6486,45.106,0.447,43.325161,-75.518579,3606541762,979137
Leicester,Livingston,2200,33.929,0.004,42.760288,-77.904502,3605141883,979138
Lenox,Madison,9122,36.243,0.023,43.111571,-75.756992,3605341905,979139
Leon,Cattaraugus,1365,36.182,0.027,42.300481,-79.001361,3600941982,979140
Lewis,Essex,1382,84.79,0.21,44.318369,-73.581246,3603142114,979143
Lewis,Lewis,854,64.607,0.542,43.490911,-75.558906,3604942125,979144
Lewisboro,Westchester,12411,27.746,1.416,41.266160,-73.588251,3611942136,979145
Lewiston,Niagara,16262,37.121,4.01,43.184149,-78.951416,3606342158,979146
Lexington,Greene,805,79.686,0.037,42.209047,-74.333452,3603942202,979147
Leyden,Lewis,1785,33.33,0.222,43.534488,-75.382362,3604942213,979148
Liberty,Sullivan,9885,79.579,1.158,41.811822,-74.779789,3610542235,979149
Lima,Livingston,4305,31.891,0.053,42.895889,-77.608672,3605142334,979150
Lincklaen,Chenango,396,26.263,0.011,42.677344,-75.843763,3601742411,979151
Lincoln,Madison,2012,24.999,0.059,43.032236,-75.733805,3605342422,979152
Lindley,Steuben,1967,37.597,0.271,42.037857,-77.148523,3610142576,979153
Lisbon,St. Lawrence,4102,108.28,5.636,44.696518,-75.305716,3608942631,979154
Lisle,Broome,2751,46.894,0.09,42.379304,-76.055997,3600742653,979155
Litchfield,Herkimer,1513,29.992,0.061,42.967722,-75.163817,3604342664,979156
Little Falls,Herkimer,1587,22.34,0.163,43.018379,-74.894737,3604342752,979158
Little Valley,Cattaraugus,1740,29.787,0.006,42.224471,-78.759228,3600942840,979159
Livingston,Columbia,3646,38.163,0.784,42.138944,-73.797118,3602142917,979160
Livonia,Livingston,7809,38.262,2.812,42.809081,-77.653652,3605142961,979161
Lloyd,Ulster,10863,31.266,2.019,41.713907,-73.995071,3611142994,979162
Locke,Cayuga,1951,24.305,0.105,42.654563,-76.419295,3601143071,979163
Lockport,Niagara,20529,44.843,0.052,43.149249,-78.688845,3606343093,979165
Lodi,Seneca,1550,34.19,5.574,42.591920,-76.831428,3609943225,979166
Long Lake,Hamilton,711,407.033,42.804,43.959554,-74.649161,3604143412,979168
Lorraine,Jefferson,1037,38.979,0.018,43.746703,-75.978134,3604543544,979169
Louisville,St. Lawrence,3145,48.525,15.342,44.907722,-75.012207,3608943588,979170
Lowville,Lewis,4982,37.834,0.291,43.813957,-75.518200,3604943731,979171
Lumberland,Sullivan,2468,46.539,2.807,41.492424,-74.812220,3610543786,979172
Lyme,Jefferson,2185,55.813,51.178,44.024801,-76.228673,3604543863,979173
Lyndon,Cattaraugus,707,33.231,0.036,42.310646,-78.375278,3600943896,979174
Lyons,Wayne,5682,37.485,0.111,43.093076,-77.003860,3611743973,979175
Lyonsdale,Lewis,1227,68.743,1.362,43.589518,-75.242417,3604943995,979176
Lysander,Onondaga,21759,61.715,2.894,43.184174,-76.373925,3606744039,979177
Macedon,Wayne,9148,38.681,0.177,43.078887,-77.310520,3611744160,979179
Machias,Cattaraugus,2375,40.429,0.649,42.397788,-78.506904,3600944237,979180
Macomb,St. Lawrence,906,60.717,2.428,44.438707,-75.571306,3608944391,979181
Madison,Madison,3008,40.813,0.576,42.892391,-75.500514,3605344435,979182
Madrid,St. Lawrence,1735,52.984,0.598,44.770755,-75.128545,3608944490,979183
Maine,Broome,5377,45.643,0.117,42.196117,-76.016638,3600744611,979184
Malone,Franklin,14545,101.519,1.283,44.795395,-74.287115,3603344721,979185
Malta,Saratoga,14765,27.922,3.532,42.982275,-73.789043,3609144743,979186
Mamakating,Sullivan,12085,96.108,2.561,41.588001,-74.496288,3610544809,979187
Mamaroneck,Westchester,29156,6.654,7.41,40.921287,-73.744138,3611944842,979188
Manchester,Ontario,9395,37.818,0.032,42.987045,-77.194148,3606944864,979189
Manheim,Herkimer,3334,29.136,0.557,43.058519,-74.799676,3604344974,979191
Manlius,Onondaga,32370,49.218,0.735,43.052883,-75.980733,3606745029,979192
Mansfield,Cattaraugus,808,40.126,0.031,42.304609,-78.766918,3600945161,979193
Marathon,Cortland,1967,24.937,0.133,42.428479,-76.002973,3602345403,979194
Marbletown,Ulster,5607,54.471,0.709,41.873887,-74.164153,3611145458,979195
Marcellus,Onondaga,6210,32.445,0.14,42.942677,-76.323323,3606745491,979196
Marcy,Oneida,8982,32.89,0.428,43.172612,-75.267738,3606545535,979197
Marilla,Erie,5327,27.505,0.038,42.824491,-78.528331,3602945601,979198
Marion,Wayne,4746,29.147,0.103,43.166014,-77.191350,3611745645,979199
Marlborough,Ulster,8808,24.47,2.029,41.636294,-73.987100,3611145722,979200
Marshall,Oneida,2131,32.802,0,42.967126,-75.386204,3606545755,979201
Martinsburg,Lewis,1433,75.684,0.351,43.726107,-75.540138,3604945854,979202
Maryland,Otsego,1897,52.406,0.135,42.550963,-74.865957,3607745920,979203
Masonville,Delaware,1320,54.264,0.179,42.229093,-75.342442,3602545964,979204
Massena,St. Lawrence,12883,44.369,11.774,44.962020,-74.834650,3608946030,979205
Mayfield,Fulton,6495,58.385,6.299,43.124810,-74.262935,3603546217,979206
McDonough,Chenango,886,39.038,0.593,42.501710,-75.728039,3601744127,979178
Mendon,Monroe,9152,39.472,0.515,42.982472,-77.555620,3605546558,979208
Mentz,Cayuga,2378,16.922,0.26,43.040542,-76.633638,3601146602,979209
Meredith,Delaware,1529,58.102,0.214,42.365138,-74.938997,3602546624,979210
Mexico,Oswego,5197,46.272,0.717,43.455062,-76.204628,3607546822,979211
Middleburgh,Schoharie,3746,49.111,0.098,42.621269,-74.312498,3609546855,979212
Middlebury,Wyoming,1441,35.643,0.025,42.824030,-78.133264,3612146877,979213
Middlefield,Otsego,2114,63.334,0.371,42.697002,-74.855985,3607746910,979214
Middlesex,Yates,1495,30.875,3.229,42.718043,-77.289257,3612347020,979215
Middletown,Delaware,3750,96.674,0.62,42.160406,-74.628090,3602547031,979216
Milan,Dutchess,2370,36.109,0.468,41.978094,-73.783015,3602747207,979218
Milford,Otsego,3044,46.117,1.03,42.546091,-74.979126,3607747240,979219
Milo,Yates,7006,38.434,5.901,42.610474,-77.007902,3612347504,979220
Milton,Saratoga,18575,35.69,0.064,43.045801,-73.898137,3609147537,979221
Mina,Chautauqua,1106,35.817,0.511,42.124592,-79.699979,3601347592,979222
Minden,Montgomery,4297,50.988,0.449,42.931443,-74.696500,3605747614,979223
Minerva,Essex,809,156.766,3.508,43.855335,-74.118459,3603147669,979224
Minetto,Oswego,1659,5.762,0.279,43.398731,-76.481313,3607547691,979225
Minisink,Orange,4490,23.029,0.144,41.324048,-74.541192,3607147713,979226
Mohawk,Montgomery,3844,34.681,0.712,42.956072,-74.401834,3605747834,979227
Moira,Franklin,2934,45.228,0,44.829578,-74.558807,3603347933,979228
Monroe,Orange,39912,19.976,1.28,41.304162,-74.195149,3607147999,979229
Montague,Lewis,78,65.174,0.163,43.715389,-75.716896,3604948032,979230
Montezuma,Cayuga,1277,18.242,0.473,43.013839,-76.697713,3601148131,979231
Montgomery,Orange,22606,50.256,0.933,41.539832,-74.209619,3607148153,979232
Montour,Schuyler,2308,18.579,0.005,42.339941,-76.826462,3609748186,979233
Mooers,Clinton,3592,87.632,0.29,44.956357,-73.658432,3601948252,979234
Moravia,Cayuga,3626,28.884,0.753,42.734243,-76.412216,3601148307,979235
Moreau,Saratoga,14728,41.924,1.657,43.247423,-73.665699,3609148318,979236
Morehouse,Hamilton,86,191.064,3.705,43.447326,-74.694618,3604148340,979237
Moriah,Essex,4798,64.491,6.619,44.054967,-73.532619,3603148428,979238
Morris,Otsego,1878,39.067,0.126,42.542840,-75.264076,3607748494,979239
Morristown,St. Lawrence,1974,45.721,13.724,44.530931,-75.634507,3608948582,979240
Mount Hope,Orange,7018,25.134,0.362,41.457255,-74.526761,3607148857,979241
Mount Kisco,Westchester,10877,3.035,0.03,41.201696,-73.728258,3611948895,979242
Mount Morris,Livingston,4465,50.205,0.106,42.664871,-77.904533,3605148956,979243
Mount Pleasant,Westchester,43724,27.423,5.335,41.098212,-73.822328,3611949011,979244
Murray,Orleans,4988,31.059,0.04,43.258470,-78.057139,3607349286,979246
Nanticoke,Broome,1672,24.27,0.089,42.284937,-76.026586,3600749396,979247
Naples,Ontario,2502,39.685,0,42.624554,-77.432501,3606949440,979248
Napoli,Cattaraugus,1248,36.375,0.17,42.212802,-78.884569,3600949462,979249
Nassau,Rensselaer,4789,44.444,0.792,42.547941,-73.544568,3608349517,979250
Nelson,Madison,1980,43.06,0.996,42.885733,-75.745149,3605349770,979251
Neversink,Sullivan,3557,82.773,3.491,41.865968,-74.590457,3610549847,979252
New Albion,Cattaraugus,1972,35.629,0.194,42.306800,-78.889687,3600949880,979253
New Baltimore,Greene,3370,41.427,1.601,42.420048,-73.862587,3603949935,979255
New Berlin,Chenango,2682,46.134,0.44,42.592026,-75.386612,3601749957,979256
New Bremen,Lewis,2706,55.589,0.2,43.851984,-75.368301,3604950001,979257
New Castle,Westchester,17569,23.236,0.383,41.182534,-73.772847,3611950078,979260
New Hartford,Oneida,22166,25.357,0.118,43.057841,-75.281803,3606550309,979264
New Haven,Oswego,2856,31.099,2.315,43.471604,-76.317562,3607550342,979265
New Hudson,Allegany,781,36.195,0.124,42.285310,-78.253007,3600350375,979266
New Lebanon,Columbia,2305,35.857,0.116,42.470550,-73.444812,3602150452,979267
New Lisbon,Otsego,1114,44.355,0.301,42.624535,-75.133503,3607750485,979268
New Paltz,Ulster,14003,33.875,0.432,41.764040,-74.089495,3611150562,979269
New Scotland,Albany,8648,57.499,0.47,42.603490,-73.939215,3600150672,979272
New Windsor,Orange,25244,34.07,2.994,41.474548,-74.110922,3607150848,979274
Newark Valley,Tioga,3946,50.295,0.1,42.234926,-76.164054,3610749913,979254
Newburgh,Orange,29801,42.678,4.265,41.557401,-74.057242,3607150045,979259
Newcomb,Essex,436,226.271,6.898,44.007172,-74.099920,3603150144,979261
Newfane,Niagara,9666,51.823,1.657,43.290183,-78.692824,3606350232,979262
Newfield,Tompkins,5179,58.841,0.127,42.337140,-76.610245,3610950254,979263
Newport,Herkimer,2302,32.009,0.443,43.178280,-75.035993,3604350584,979270
Newstead,Erie,8594,50.759,0.286,43.016832,-78.521355,3602950716,979273
Niagara,Niagara,8378,9.484,0,43.115446,-78.980980,3606351033,979275
Nichols,Tioga,2525,33.727,0.938,42.034436,-76.348183,3610751121,979277
Niles,Cayuga,1194,38.975,4.376,42.817220,-76.404435,3601151198,979278
Niskayuna,Schenectady,21781,14.152,0.89,42.803082,-73.873518,3609351264,979279
Norfolk,St. Lawrence,4668,56.74,1.004,44.835018,-74.933952,3608951330,979280
North Castle,Westchester,11841,23.757,2.604,41.136327,-73.690502,3611951693,979282
North Collins,Erie,3523,42.854,0.173,42.573346,-78.859472,3602951803,979283
North Dansville,Livingston,5538,9.859,0,42.558340,-77.691505,3605151869,979284
North East,Dutchess,3031,43.163,0.559,41.945843,-73.546630,3602751891,979285
North Elba,Essex,8957,151.654,4.737,44.206113,-74.046280,3603151935,979286
North Greenbush,Rensselaer,12075,18.545,0.363,42.673448,-73.668381,3608352100,979287
North Harmony,Chautauqua,2267,42.133,0.023,42.125557,-79.463345,3601352155,979288
North Hempstead,Nassau,226322,53.512,15.598,40.803357,-73.678402,3605953000,979289
North Hudson,Essex,240,181.452,3.218,44.027010,-73.758053,3603153077,979290
North Norwich,Chenango,1783,28.142,0.102,42.590088,-75.508076,3601753297,979291
North Salem,Westchester,5104,21.326,1.519,41.340527,-73.597609,3611953517,979292
Northampton,Fulton,2670,21.116,13.613,43.157631,-74.171313,3603551407,979281
Northumberland,Saratoga,5087,32.299,0.619,43.162315,-73.628333,3609153737,979294
Norway,Herkimer,762,35.56,0.273,43.230908,-74.950873,3604353968,979295
Norwich,Chenango,3998,41.963,0.075,42.510875,-75.485910,3601753990,979297
Nunda,Livingston,3064,37.094,0.027,42.572208,-77.882896,3605154089,979298
Oakfield,Genesee,3250,23.309,0.624,43.084919,-78.274609,3603754166,979299
Ogden,Monroe,19856,36.476,0.257,43.170256,-77.814379,3605554474,979300
Ohio,Herkimer,1002,301.344,6.227,43.461635,-74.894694,3604354507,979302
Olean,Cattaraugus,1963,29.609,0.127,42.061319,-78.424466,3600954727,979306
Olive,Ulster,4419,58.45,6.743,41.947232,-74.265447,3611154749,979307
Oneonta,Otsego,5229,32.911,0.252,42.425124,-75.099877,3607754892,979310
Onondaga,Onondaga,23101,57.741,0.096,42.980793,-76.223386,3606754958,979311
Ontario,Wayne,10136,32.412,0.086,43.245527,-77.315958,3611755013,979313
Oppenheim,Fulton,1924,56.134,0.306,43.082177,-74.671976,3603555101,979314
Orange,Schuyler,1609,54.069,0.385,42.342520,-77.035679,3609755156,979315
Orangetown,Rockland,49212,24.098,7.268,41.053687,-73.948090,3608755211,979316
Orangeville,Wyoming,1355,35.56,0.082,42.743585,-78.252437,3612155222,979317
Orchard Park,Erie,29054,38.44,0.079,42.752803,-78.739697,3602955277,979318
Orleans,Jefferson,2789,71.423,6.62,44.224057,-75.954704,3604555398,979319
Orwell,Oswego,1167,39.582,1.684,43.562832,-75.953544,3607555453,979320
Osceola,Lewis,229,87.007,0.089,43.565418,-75.688833,3604955497,979321
Ossian,Livingston,789,39.635,0.028,42.514478,-77.770393,3605155508,979322
Ossining,Westchester,37674,11.556,4.168,41.157624,-73.855497,3611955541,979323
Oswegatchie,St. Lawrence,4397,65.498,5.705,44.630179,-75.490706,3608955563,979324
Oswego,Oswego,7984,27.333,2.016,43.402443,-76.555037,3607555585,979326
Otego,Otsego,3115,45.633,0.076,42.455996,-75.191937,3607755629,979327
Otisco,Onondaga,2541,29.532,1.629,42.862345,-76.227534,3606755651,979328
Otsego,Otsego,3900,53.89,5.162,42.759357,-74.963246,3607755695,979329
Otselic,Chenango,1054,37.977,0.067,42.682876,-75.737515,3601755717,979330
Otto,Cattaraugus,808,32.73,0.117,42.399472,-78.843783,3600955783,979331
Ovid,Seneca,2311,30.861,7.893,42.650033,-76.796042,3609955827,979332
Owasco,Cayuga,3793,20.881,2.594,42.893765,-76.493283,3601155871,979333
Owego,Tioga,19883,104.221,1.522,42.085789,-76.195197,3610755893,979334
Oxford,Chenango,3901,60.063,0.352,42.397073,-75.596228,3601755959,979335
Oyster Bay,Nassau,293214,103.747,65.652,40.797850,-73.511027,3605956000,979336
Palatine,Montgomery,3240,41.072,0.629,42.951214,-74.536743,3605756099,979337
Palermo,Oswego,3664,40.464,0.279,43.367354,-76.259496,3607556154,979338
Palm Tree,Orange,24155,1.11,0.01,41.3406673, 74.1672741,3607156185,2791540
Palmyra,Wayne,7975,33.435,0.234,43.080171,-77.189141,3611756198,979339
Pamelia,Jefferson,3160,33.84,1.369,44.055634,-75.909304,3604556209,979340
Paris,Oneida,4411,31.476,0.015,42.972126,-75.268197,3606556330,979341
Parish,Oswego,2558,41.725,0.225,43.403463,-76.056042,3607556352,979342
Parishville,St. Lawrence,2153,98.159,3.27,44.550545,-74.784882,3608956374,979343
Parma,Monroe,15633,42.023,0.96,43.268626,-77.799747,3605556561,979344
Patterson,Putnam,12023,32.208,0.696,41.484467,-73.588058,3607956748,979345
Pavilion,Genesee,2495,35.612,0.108,42.907121,-78.011511,3603756792,979346
Pawling,Dutchess,8463,43.835,1.187,41.568545,-73.596037,3602756825,979347
Pelham,Westchester,12396,2.172,0.046,40.900458,-73.807138,3611957012,979349
Pembroke,Genesee,4292,41.627,0.09,43.001529,-78.385383,3603757078,979350
Pendleton,Niagara,6397,27.086,0.27,43.104129,-78.764378,3606357111,979351
Penfield,Monroe,36242,37.211,0.634,43.151464,-77.444396,3605557144,979352
Perinton,Monroe,46462,34.186,0.36,43.078241,-77.429678,3605557221,979353
Perry,Wyoming,4616,36.405,0.242,42.753724,-78.011059,3612157254,979354
Perrysburg,Cattaraugus,1626,28.421,0.126,42.481182,-79.017384,3600957298,979355
Persia,Cattaraugus,2404,20.893,0.097,42.419658,-78.917725,3600957331,979356
Perth,Fulton,3646,26.083,0.027,43.005407,-74.204069,3603557353,979357
Peru,Clinton,6998,78.887,13.492,44.581071,-73.563663,3601957375,979358
Petersburgh,Rensselaer,1525,41.605,0.003,42.778625,-73.327429,3608357441,979359
Pharsalia,Chenango,593,38.816,0.292,42.597620,-75.733879,3601757507,979360
Phelps,Ontario,7072,64.951,0.293,42.957092,-77.049404,3606957529,979361
Philadelphia,Jefferson,1947,37.593,0.021,44.146432,-75.706199,3604557562,979362
Philipstown,Putnam,9662,48.785,2.785,41.412373,-73.921362,3607957584,979363
Piercefield,St. Lawrence,310,104.155,6.91,44.223107,-74.604155,3608957716,979364
Pierrepont,St. Lawrence,2589,60.252,0.468,44.528153,-75.013342,3608957771,979365
Pike,Wyoming,1114,31.084,0.145,42.567205,-78.136330,3612157826,979366
Pinckney,Lewis,329,40.973,0.142,43.834407,-75.788975,3604957925,979367
Pine Plains,Dutchess,2473,30.583,0.589,41.971895,-73.646798,3602758156,979368
Pitcairn,St. Lawrence,846,58.518,0.937,44.221791,-75.269674,3608958266,979369
Pitcher,Chenango,803,28.465,0.014,42.587692,-75.826755,3601758288,979370
Pittsfield,Otsego,1366,37.986,0.116,42.613708,-75.271482,3607758343,979371
Pittsford,Monroe,29405,23.181,0.209,43.073053,-77.526122,3605558365,979372
Pittstown,Rensselaer,5735,61.628,3.216,42.866298,-73.516623,3608358398,979373
Plainfield,Otsego,915,29.5,0,42.828409,-75.194691,3607758420,979374
Plattekill,Ulster,10499,35.111,0.628,41.654309,-74.074168,3611158552,979375
Plattsburgh,Clinton,11870,45.92,22.288,44.692289,-73.516453,3601958585,979377
Pleasant Valley,Dutchess,9672,32.576,0.564,41.770553,-73.804513,3602758695,979378
Plymouth,Chenango,1804,42.177,0.169,42.605218,-75.604990,3601758772,979379
Poestenkill,Rensselaer,4530,32.355,0.22,42.700200,-73.522487,3608358805,979380
Poland,Chautauqua,2356,36.617,0.266,42.130072,-79.120853,3601358926,979381
Pomfret,Chautauqua,14965,43.855,0.334,42.408411,-79.331104,3601358981,979382
Pompey,Onondaga,7080,66.378,0.097,42.920118,-75.987654,3606759036,979383
Portage,Livingston,884,26.399,0.236,42.559566,-77.994897,3605159179,979385
Porter,Niagara,6771,33.055,4.659,43.257885,-78.970237,3606359267,979386
Portland,Chautauqua,4827,34.116,0.064,42.370198,-79.460235,3601359421,979388
Portville,Cattaraugus,3730,35.58,0.448,42.058997,-78.349923,3600959509,979389
Potsdam,St. Lawrence,16041,101.403,2.049,44.681716,-75.037123,3608959575,979390
Potter,Yates,1865,37.238,0,42.714053,-77.180665,3612359597,979391
Poughkeepsie,Dutchess,43341,28.514,2.63,41.668590,-73.909694,3602759652,979393
Pound Ridge,Westchester,5104,22.638,0.803,41.212382,-73.583842,3611959685,979394
Prattsburgh,Steuben,2085,51.666,0.05,42.536924,-77.332353,3610159718,979395
Prattsville,Greene,700,19.627,0.106,42.319673,-74.413796,3603959751,979396
Preble,Cortland,1393,26.845,0.715,42.743388,-76.131743,3602359773,979397
Preston,Chenango,1044,34.876,0.171,42.503326,-75.610357,3601759817,979398
Princetown,Schenectady,2115,23.924,0.287,42.810065,-74.078398,3609359861,979399
Providence,Saratoga,1995,43.996,1.098,43.117124,-74.044548,3609159949,979400
Pulteney,Steuben,1285,33.137,3.317,42.525381,-77.202981,3610159982,979401
Putnam,Washington,609,32.791,2.627,43.746887,-73.417527,3611560092,979402
Putnam Valley,Putnam,11809,41.175,1.605,41.397661,-73.839130,3607960147,979403
Queensbury,Warren,27901,62.83,2.009,43.367580,-73.674127,3611360356,979405
Ramapo,Rockland,126595,61.198,0.696,41.140772,-74.104976,3608760510,979406
Randolph,Cattaraugus,2602,36.064,0.223,42.134227,-78.999392,3600960587,979407
Rathbone,Steuben,1126,36.017,0.102,42.129144,-77.344420,3610160653,979408
Reading,Schuyler,1707,27.149,0,42.419776,-76.938604,3609760763,979409
Red Hook,Dutchess,11319,36.169,3.871,42.017297,-73.887226,3602760905,979411
Red House,Cattaraugus,38,55.668,0.188,42.069945,-78.735256,3600960950,979412
Redfield,Oswego,550,89.817,3.606,43.587290,-75.828862,3607560873,979410
Remsen,Oneida,1929,35.465,1.49,43.366186,-75.145858,3606561126,979413
Rensselaerville,Albany,1843,61.464,0.42,42.479477,-74.178608,3600161181,979415
Rhinebeck,Dutchess,7548,35.682,4.068,41.926515,-73.901901,3602761357,979416
Richfield,Otsego,2388,30.858,1.598,42.851319,-75.047690,3607761467,979417
Richford,Tioga,1172,38.187,0.019,42.374929,-76.194015,3610761511,979418
Richland,Oswego,5718,57.248,2.801,43.547529,-76.150737,3607561533,979419
Richmond,Ontario,3361,42.432,1.96,42.792188,-77.524422,3606961544,978648
Richmondville,Schoharie,2610,30.16,0.065,42.638725,-74.549064,3609561599,979421
Ridgeway,Orleans,6780,50.026,0.216,43.262390,-78.376743,3607361742,979422
Riga,Monroe,5590,34.962,0.266,43.077283,-77.872558,3605561808,979423
Ripley,Chautauqua,2415,48.763,0.104,42.228753,-79.699933,3601361885,979424
Riverhead,Suffolk,33506,67.426,133.841,40.977130,-72.709075,3610361984,979425
Rochester,Ulster,7313,89.303,0.416,41.813814,-74.271498,3611163011,979427
Rockland,Sullivan,3775,94.156,1.114,41.962793,-74.789085,3610563176,979428
Rodman,Jefferson,1176,42.227,0.053,43.843311,-75.901890,3604563341,979429
Romulus,Seneca,4316,37.792,13.591,42.713496,-76.830175,3609963440,979431
Root,Montgomery,1715,50.624,0.426,42.842974,-74.486200,3605763561,979432
Rose,Wayne,2369,33.896,0.006,43.159574,-76.900163,3611763605,979433
Roseboom,Otsego,711,33.407,0.104,42.726358,-74.711108,3607763638,979434
Rosendale,Ulster,6075,19.979,0.767,41.847090,-74.079545,3611163737,979435
Rossie,St. Lawrence,877,37.88,1.363,44.325191,-75.623823,3608963858,979436
Rotterdam,Schenectady,29094,35.692,0.768,42.812110,-74.012038,3609363935,979437
Roxbury,Delaware,2502,87.114,0.49,42.308761,-74.528839,3602564001,979438
Royalton,Niagara,7660,69.966,0.311,43.151820,-78.554307,3606364034,979439
Rush,Monroe,3478,30.332,0.373,42.971329,-77.673143,3605564144,979440
Rushford,Allegany,1150,35.294,0.79,42.393073,-78.250648,3600364166,979441
Russell,St. Lawrence,1856,96.675,0.618,44.402017,-75.140740,3608964221,979442
Russia,Herkimer,2587,56.962,3.456,43.304033,-75.069132,3604364254,979443
Rutland,Jefferson,3060,45.103,0.275,43.943967,-75.786233,3604564265,979444
Rye,Westchester,45928,6.919,0.435,41.005831,-73.687696,3611964320,979446
Salamanca,Cattaraugus,481,18.391,0.001,42.174412,-78.805947,3600964760,979451
Salem,Washington,2715,52.362,0.058,43.160157,-73.322777,3611564782,979452
Salina,Onondaga,33710,13.75,1.311,43.104764,-76.171345,3606764815,979453
Salisbury,Herkimer,1958,107.366,0.835,43.221999,-74.800865,3604364837,979454
Sand Lake,Rensselaer,8530,35.049,1.12,42.630352,-73.542926,3608365013,979455
Sandy Creek,Oswego,3939,42.284,4.157,43.630705,-76.123570,3607565079,979456
Sanford,Broome,2407,90.098,0.924,42.091134,-75.496193,3600765112,979457
Sangerfield,Oneida,2561,30.802,0.179,42.891607,-75.380220,3606565134,979458
Santa Clara,Franklin,345,174.417,17.292,44.499084,-74.363864,3603365178,979459
Saranac,Clinton,4007,115.286,0.661,44.654271,-73.809920,3601965211,979460
Saratoga,Saratoga,5674,40.562,2.339,43.053058,-73.650366,3609165244,979461
Sardinia,Erie,2775,50.175,0.233,42.557155,-78.531553,3602965277,979463
Saugerties,Ulster,19482,64.574,3.386,42.091943,-73.990006,3611165299,979464
Savannah,Wayne,1730,35.968,0.211,43.079337,-76.754525,3611765343,979465
Scarsdale,Westchester,17166,6.66,0.008,40.992048,-73.780629,3611965442,979466
Schaghticoke,Rensselaer,7679,49.747,2.114,42.883991,-73.610736,3608365486,979467
Schodack,Rensselaer,12794,61.927,1.676,42.531451,-73.683163,3608365541,979469
Schoharie,Schoharie,3205,29.83,0.129,42.679620,-74.312894,3609565596,979470
Schroeppel,Oswego,8501,42.201,0.996,43.257590,-76.276426,3607565618,979471
Schroon,Essex,1654,132.678,8.732,43.855433,-73.761629,3603165629,979472
Schuyler,Herkimer,3420,39.874,0.358,43.112509,-75.096412,3604365695,979473
Schuyler Falls,Clinton,5181,36.517,0.302,44.659745,-73.584421,3601965717,979474
Scio,Allegany,1833,35.295,0.039,42.147968,-77.992253,3600365772,979475
Scipio,Cayuga,1713,36.558,2.751,42.790136,-76.571551,3601165816,979476
Scott,Cortland,1176,22.267,0.147,42.737658,-76.235848,3602365915,979477
Scriba,Oswego,6840,40.571,3.342,43.457249,-76.419713,3607565992,979478
Sempronius,Cayuga,895,29.339,0.379,42.740769,-76.327202,3601166278,979479
Seneca,Ontario,2721,50.45,0,42.833118,-77.073631,3606966289,979480
Seneca Falls,Seneca,9040,24.217,3.242,42.911496,-76.790451,3609966333,979481
Sennett,Cayuga,3595,28.82,0.024,42.977578,-76.518365,3601166443,979482
Seward,Schoharie,1763,36.377,0.079,42.708203,-74.582782,3609566542,979483
Shandaken,Ulster,3085,119.784,0.058,42.027684,-74.359949,3611166597,979484
Sharon,Schoharie,1846,39.062,0.098,42.776929,-74.613153,3609566641,979485
Shawangunk,Ulster,14332,56.056,0.494,41.632207,-74.265852,3611166674,979486
Shelby,Orleans,5319,46.39,0.339,43.173342,-78.386811,3607366751,979487
Sheldon,Wyoming,2409,47.348,0.025,42.746076,-78.376579,3612166773,979488
Shelter Island,Suffolk,2392,12.165,16.944,41.064875,-72.319266,3610366839,979489
Sherburne,Chenango,4048,43.554,0.02,42.693974,-75.481214,3601766894,979490
Sheridan,Chautauqua,2673,37.252,0.051,42.489629,-79.225464,3601366916,979491
Sherman,Chautauqua,1653,36.271,0.13,42.135974,-79.579860,3601366960,979492
Sidney,Delaware,5774,49.928,0.675,42.306706,-75.276026,3602567345,979495
Skaneateles,Onondaga,7209,42.606,6.22,42.889641,-76.411805,3606767521,979496
Smithfield,Madison,1288,24.274,0.086,42.964853,-75.664275,3605367785,979497
Smithtown,Suffolk,117801,53.698,57.752,40.919217,-73.179119,3610368000,979498
Smithville,Chenango,1330,50.445,0.481,42.412034,-75.757510,3601768055,979499
Smyrna,Chenango,1280,42.087,0.076,42.687973,-75.615788,3601768110,979500
Sodus,Wayne,8384,67.268,1.979,43.218114,-77.049402,3611768220,979501
Solon,Cortland,1079,29.651,0.076,42.614497,-76.021213,3602368264,979502
Somers,Westchester,20434,29.642,2.518,41.304384,-73.722774,3611968308,979503
Somerset,Niagara,2662,37.108,0.063,43.335736,-78.548106,3606368330,979504
South Bristol,Ontario,1590,38.973,3.051,42.695179,-77.405203,3606968660,979506
South Valley,Cattaraugus,264,36.84,0.247,42.045260,-79.002709,3600969870,979510
Southampton,Suffolk,56790,139.195,154.51,40.880463,-72.459056,3610368473,979505
Southeast,Putnam,18404,31.734,3.245,41.408190,-73.600783,3607968924,979507
Southold,Suffolk,21968,53.783,349.917,41.138956,-72.318687,3610369463,979508
Southport,Chemung,10940,46.414,0.426,42.049974,-76.877424,3601569617,979509
Spafford,Onondaga,1686,32.698,6.518,42.829700,-76.289228,3606770057,979511
Sparta,Livingston,1624,27.791,0,42.627796,-77.697587,3605170101,979512
Spencer,Tioga,3153,49.55,0.326,42.221933,-76.469262,3610770178,979513
Springfield,Otsego,1358,42.894,2.614,42.833390,-74.866643,3607770310,979514
Springport,Cayuga,2367,21.399,5.431,42.852667,-76.672327,3601170376,979515
Springwater,Livingston,2439,53.105,0.013,42.623129,-77.573945,3605170475,979516
St. Armand,Essex,1548,56.511,0.934,44.371394,-74.013405,3603164529,979447
St. Johnsville,Montgomery,2631,16.841,0.518,43.004228,-74.680656,3605764650,979448
Stafford,Genesee,2459,31.097,0.179,42.993829,-78.083947,3603770607,979517
Stamford,Delaware,2267,48.505,0.106,42.339032,-74.665791,3602570629,979518
Stanford,Dutchess,3823,49.637,0.649,41.898802,-73.673133,3602770662,979519
Stark,Herkimer,757,31.833,0.003,42.927935,-74.824074,3604370794,979520
Starkey,Yates,3573,32.831,6.375,42.523656,-76.944782,3612370816,979521
Stephentown,Rensselaer,2903,57.88,0.196,42.554474,-73.410846,3608371102,979523
Sterling,Cayuga,3040,45.454,1.661,43.315061,-76.658710,3601171146,979524
Steuben,Oneida,1100,42.653,0.048,43.352758,-75.263978,3606571212,979525
Stillwater,Saratoga,8287,41.191,2.383,42.968809,-73.687249,3609171333,979526
Stockbridge,Madison,2103,31.655,0,42.986010,-75.591615,3605371399,979527
Stockholm,St. Lawrence,3665,93.897,0.392,44.745612,-74.855877,3608971410,979528
Stockport,Columbia,2815,11.648,1.505,42.316875,-73.755319,3602171443,979529
Stockton,Chautauqua,2248,47.16,0.489,42.299455,-79.356732,3601371476,979530
Stony Creek,Warren,767,82.162,1.042,43.415025,-74.027450,3611371641,979531
Stony Point,Rockland,15059,27.624,3.975,41.251644,-74.004151,3608771674,979532
Stratford,Fulton,610,74.876,1.795,43.209651,-74.610052,3603571784,979533
Stuyvesant,Columbia,2027,25.004,1.745,42.397099,-73.752982,3602171850,979534
Sullivan,Madison,15339,73.163,0.199,43.090651,-75.883413,3605371993,979535
Summerhill,Cayuga,1217,25.861,0.123,42.652705,-76.321053,3601172037,979536
Summit,Schoharie,1148,37.085,0.399,42.574096,-74.598793,3609572070,979537
Sweden,Monroe,14175,33.679,0.152,43.176584,-77.925596,3605572455,979538
Taghkanic,Columbia,1310,39.972,0.166,42.134165,-73.677782,3602173077,979540
Taylor,Cortland,523,29.995,0.124,42.595600,-75.918781,3602373220,979541
Theresa,Jefferson,2905,64.943,4.789,44.262166,-75.774289,3604573528,979542
Thompson,Sullivan,15308,84.089,3.408,41.647897,-74.676992,3610573627,979543
Throop,Cayuga,1990,18.586,0.111,42.983620,-76.618881,3601173770,979544
Thurman,Warren,1219,91.098,1.678,43.491968,-73.985941,3611373814,979545
Thurston,Steuben,1350,36.353,0.165,42.225195,-77.278932,3610173836,979546
Ticonderoga,Essex,5042,81.433,7.012,43.836623,-73.552805,3603173891,979547
Tioga,Tioga,4871,58.62,0.839,42.106190,-76.368903,3610773968,979548
Tompkins,Delaware,1247,98.133,6.314,42.115953,-75.273488,3602574111,979549
Tonawanda,Erie,73567,18.735,1.544,42.983370,-78.875671,3602975000,979551
Torrey,Yates,1282,22.76,10.915,42.669875,-76.954553,3612375055,979555
Trenton,Oneida,4498,43.376,0.341,43.260164,-75.206377,3606575280,979556
Triangle,Broome,2946,37.875,1.907,42.355532,-75.928402,3600775319,979557
Troupsburg,Steuben,1291,61.238,0.028,42.071329,-77.531843,3610175440,979558
Truxton,Cortland,1133,44.649,0.078,42.710309,-76.024363,3602375550,979560
Tully,Onondaga,2738,25.754,0.525,42.808361,-76.137034,3606775638,979561
Tupper Lake,Franklin,5971,117.348,12.754,44.243083,-74.472799,3603375676,978671
Turin,Lewis,761,31.176,0.203,43.661440,-75.427289,3604975693,979562
Tuscarora,Steuben,1473,37.627,0.085,42.048968,-77.256751,3610175737,979563
Tusten,Sullivan,1515,47.205,1.58,41.570310,-74.995308,3610575759,979565
Tuxedo,Orange,3624,47.047,2.299,41.242006,-74.171688,3607175781,979566
Tyre,Seneca,981,30.054,3.06,42.987172,-76.787859,3609975902,979567
Tyrone,Schuyler,1597,37.296,2.332,42.442051,-77.044275,3609775924,979568
Ulster,Ulster,12327,26.803,2.077,41.970522,-74.005113,3611175935,979569
Ulysses,Tompkins,4900,32.889,4.026,42.513031,-76.617330,3610975990,979570
Unadilla,Otsego,4392,46.254,0.419,42.368462,-75.331561,3607776012,979571
Union,Broome,56346,35.452,0.538,42.126619,-76.033242,3600776056,979572
Union Vale,Dutchess,4877,37.482,0.324,41.698971,-73.694735,3602776166,979573
Urbana,Steuben,2343,40.946,3.231,42.410122,-77.226538,3610176496,979574
Van Buren,Onondaga,13185,35.408,0.704,43.119934,-76.354809,3606776760,979576
Van Etten,Chemung,1557,41.446,0.124,42.234171,-76.578897,3601576892,979577
Varick,Seneca,1857,31.994,13.676,42.782678,-76.846441,3609976958,979578
Venice,Cayuga,1368,41.088,0.2,42.722268,-76.543062,3601177024,979579
Vernon,Oneida,5408,37.827,0.011,43.065931,-75.529692,3606577123,979580
Verona,Oneida,6293,69.23,0.365,43.159646,-75.627559,3606577178,979581
Vestal,Broome,28043,51.742,0.854,42.049395,-76.017594,3600777255,979582
Veteran,Chemung,3313,38.327,0.143,42.247165,-76.793468,3601577310,979583
Victor,Ontario,14275,35.918,0.013,42.989185,-77.428121,3606977387,979584
Victory,Cayuga,1660,34.394,0.058,43.210319,-76.648094,3601177420,979585
Vienna,Oneida,5440,61.448,33.628,43.232033,-75.770428,3606577486,979586
Villenova,Chautauqua,1110,36.093,0.111,42.392667,-79.117538,3601377530,979587
Virgil,Cortland,2401,47.363,0.036,42.520399,-76.164441,3602377596,979588
Volney,Oswego,5926,48.24,0.916,43.360420,-76.369664,3607577662,979589
Waddington,St. Lawrence,2266,51.606,6.367,44.831296,-75.192048,3608977739,979590
Wales,Erie,3005,35.588,0.051,42.739402,-78.517591,3602977871,979591
Wallkill,Orange,27426,62.107,0.736,41.489363,-74.400492,3607177992,979592
Walton,Delaware,5576,96.837,0.78,42.173518,-75.126950,3602578047,979593
Walworth,Wayne,9449,33.853,0.043,43.155050,-77.312509,3611778102,979594
Wappinger,Dutchess,27048,27.054,1.477,41.587392,-73.891067,3602778157,979595
Ward,Allegany,368,29.175,0.017,42.225029,-77.901772,3600378201,979596
Warren,Herkimer,1143,37.791,0.319,42.898900,-74.938353,3604378278,979597
Warrensburg,Warren,4094,63.461,1.338,43.523052,-73.806561,3611378300,979598
Warsaw,Wyoming,5064,35.416,0.05,42.738212,-78.131734,3612178344,979599
Warwick,Orange,32065,101.34,3.546,41.259614,-74.364962,3607178366,979600
Washington,Dutchess,4741,58.17,0.714,41.791484,-73.677156,3602778388,979601
Waterford,Saratoga,8423,6.567,0.845,42.804152,-73.687293,3609178531,979602
Waterloo,Seneca,7642,21.668,0.147,42.919388,-76.912599,3609978564,979603
Watertown,Jefferson,4470,35.926,0.101,43.932813,-75.919026,3604578619,979605
Watson,Lewis,1881,112.737,2.96,43.829937,-75.236333,3604978729,979607
Waverly,Tioga,4437,125.112,1.294,44.525919,-74.545273,3603378795,979608
Wawarsing,Ulster,13157,130.505,3.358,41.746881,-74.419590,3611178828,979609
Wawayanda,Orange,7266,34.72,0.309,41.382931,-74.467685,3607178839,979610
Wayland,Steuben,4102,38.738,0.6,42.524551,-77.597916,3610178861,979611
Wayne,Steuben,1041,20.582,2.014,42.431533,-77.139620,3610178883,979612
Webb,Herkimer,1807,452.284,32.007,43.821971,-75.039894,3604378927,979613
Webster,Monroe,42641,33.531,1.707,43.230249,-77.445816,3605578971,979614
Wells,Hamilton,674,176.8,1.564,43.475631,-74.285410,3604179059,979615
Wellsville,Allegany,7397,36.646,0.037,42.118425,-77.925276,3600379103,979616
West Almond,Allegany,334,35.995,0.095,42.310960,-77.906467,3600379202,979617
West Bloomfield,Ontario,2466,25.461,0.039,42.891997,-77.501298,3606979356,979618
West Monroe,Oswego,4252,33.746,4.841,43.305626,-76.089132,3607580500,979623
West Seneca,Erie,44711,21.357,0.057,42.837777,-78.751233,3602980918,979626
West Sparta,Livingston,1255,33.45,0,42.610449,-77.789193,3605181006,979627
West Turin,Lewis,1524,102.054,0.343,43.593319,-75.507486,3604981094,979628
West Union,Steuben,312,40.903,0.146,42.044429,-77.687883,3610181105,979629
Westerlo,Albany,3361,57.791,0.746,42.500334,-74.050291,3600179851,979619
Western,Oneida,1951,51.206,3.465,43.350032,-75.410715,3606579862,979620
Westfield,Chautauqua,4896,47.185,0.066,42.268345,-79.599793,3601379950,979621
Westford,Otsego,868,33.853,0.056,42.643196,-74.816746,3607779972,979622
Westmoreland,Oneida,6138,43.136,0.015,43.123668,-75.445878,3606580533,979624
Westport,Essex,1312,58.171,8.636,44.184305,-73.446482,3603180775,979625
Westville,Franklin,1819,34.798,0.014,44.940496,-74.383478,3603381215,979630
Wethersfield,Wyoming,883,35.81,0.307,42.647567,-78.244568,3612181325,979631
Wheatfield,Niagara,18117,27.911,0.68,43.095396,-78.885375,3606381380,979632
Wheatland,Monroe,4775,30.411,0.261,43.009181,-77.815932,3605581402,979633
Wheeler,Steuben,1260,46.066,0.061,42.436941,-77.339222,3610181457,979634
White Creek,Washington,3356,47.923,0.053,42.993109,-73.322229,3611581578,979635
Whitehall,Washington,4042,57.176,1.729,43.539138,-73.385099,3611581633,979636
Whitestown,Oneida,18667,27.318,0.002,43.135740,-75.335911,3606581754,979638
Willet,Cortland,1043,25.733,0.321,42.453678,-75.920196,3602381963,979639
Williamson,Wayne,6984,34.64,0.015,43.245563,-77.193969,3611782040,979640
Williamstown,Oswego,1277,38.672,0.491,43.455121,-75.887933,3607582073,979641
Willing,Allegany,1228,36.24,0.03,42.035947,-77.893373,3600382095,979642
Willsboro,Essex,2025,42.723,30.661,44.385498,-73.398703,3603182271,979643
Wilmington,Essex,1253,65.24,0.233,44.372798,-73.892043,3603182315,979644
Wilna,Jefferson,6427,78.623,0.878,44.056111,-75.589099,3604582348,979645
Wilson,Niagara,5993,49.405,2.057,43.272672,-78.812943,3606382370,979646
Wilton,Saratoga,16173,35.834,0.118,43.152604,-73.726967,3609182403,979647
Windham,Greene,1703,45.2,0.137,42.318072,-74.218391,3603982480,979648
Windsor,Broome,6274,91.743,1.264,42.063826,-75.672418,3600782535,979649
Winfield,Herkimer,2086,23.639,0.012,42.897097,-75.165933,3604382568,979650
Wirt,Allegany,1111,35.938,0.066,42.124500,-78.134087,3600382623,979651
Wolcott,Wayne,4453,39.05,0.901,43.273626,-76.765497,3611782689,979652
Woodbury,Orange,11353,36.124,1.076,41.327783,-74.101891,3607182755,979653
Woodhull,Steuben,1719,55.39,0.033,42.050282,-77.394395,3610182843,979654
Woodstock,Ulster,5884,67.289,0.544,42.057837,-74.166644,3611183052,979655
Worcester,Otsego,2220,46.71,0.163,42.582621,-74.724039,3607783129,979656
Worth,Jefferson,231,43.218,0.086,43.743590,-75.844697,3604583162,979657
Wright,Schoharie,1539,28.636,0.082,42.673493,-74.207635,3609583195,979658
Yates,Orleans,2559,37.387,0,43.339463,-78.388285,3607383448,979659
York,Livingston,3397,49.1,0.007,42.866835,-77.888813,3605184022,979661
Yorkshire,Cattaraugus,3913,36.249,0.145,42.479169,-78.520073,3600984055,979662
Yorktown,Westchester,36081,36.645,2.612,41.269857,-73.817867,3611984077,979663
